[{"model": "auth.permission", "pk": 1, "fields": {"name": "Can add log entry", "content_type": 1, "codename": "add_logentry"}}, {"model": "auth.permission", "pk": 2, "fields": {"name": "Can change log entry", "content_type": 1, "codename": "change_logentry"}}, {"model": "auth.permission", "pk": 3, "fields": {"name": "Can delete log entry", "content_type": 1, "codename": "delete_logentry"}}, {"model": "auth.permission", "pk": 4, "fields": {"name": "Can view log entry", "content_type": 1, "codename": "view_logentry"}}, {"model": "auth.permission", "pk": 5, "fields": {"name": "Can add permission", "content_type": 2, "codename": "add_permission"}}, {"model": "auth.permission", "pk": 6, "fields": {"name": "Can change permission", "content_type": 2, "codename": "change_permission"}}, {"model": "auth.permission", "pk": 7, "fields": {"name": "Can delete permission", "content_type": 2, "codename": "delete_permission"}}, {"model": "auth.permission", "pk": 8, "fields": {"name": "Can view permission", "content_type": 2, "codename": "view_permission"}}, {"model": "auth.permission", "pk": 9, "fields": {"name": "Can add group", "content_type": 3, "codename": "add_group"}}, {"model": "auth.permission", "pk": 10, "fields": {"name": "Can change group", "content_type": 3, "codename": "change_group"}}, {"model": "auth.permission", "pk": 11, "fields": {"name": "Can delete group", "content_type": 3, "codename": "delete_group"}}, {"model": "auth.permission", "pk": 12, "fields": {"name": "Can view group", "content_type": 3, "codename": "view_group"}}, {"model": "auth.permission", "pk": 13, "fields": {"name": "Can add content type", "content_type": 4, "codename": "add_contenttype"}}, {"model": "auth.permission", "pk": 14, "fields": {"name": "Can change content type", "content_type": 4, "codename": "change_contenttype"}}, {"model": "auth.permission", "pk": 15, "fields": {"name": "Can delete content type", "content_type": 4, "codename": "delete_contenttype"}}, {"model": "auth.permission", "pk": 16, "fields": {"name": "Can view content type", "content_type": 4, "codename": "view_contenttype"}}, {"model": "auth.permission", "pk": 17, "fields": {"name": "Can add session", "content_type": 5, "codename": "add_session"}}, {"model": "auth.permission", "pk": 18, "fields": {"name": "Can change session", "content_type": 5, "codename": "change_session"}}, {"model": "auth.permission", "pk": 19, "fields": {"name": "Can delete session", "content_type": 5, "codename": "delete_session"}}, {"model": "auth.permission", "pk": 20, "fields": {"name": "Can view session", "content_type": 5, "codename": "view_session"}}, {"model": "auth.permission", "pk": 21, "fields": {"name": "Can add user", "content_type": 6, "codename": "add_user"}}, {"model": "auth.permission", "pk": 22, "fields": {"name": "Can change user", "content_type": 6, "codename": "change_user"}}, {"model": "auth.permission", "pk": 23, "fields": {"name": "Can delete user", "content_type": 6, "codename": "delete_user"}}, {"model": "auth.permission", "pk": 24, "fields": {"name": "Can view user", "content_type": 6, "codename": "view_user"}}, {"model": "auth.permission", "pk": 25, "fields": {"name": "Can add core settings", "content_type": 7, "codename": "add_coresettings"}}, {"model": "auth.permission", "pk": 26, "fields": {"name": "Can change core settings", "content_type": 7, "codename": "change_coresettings"}}, {"model": "auth.permission", "pk": 27, "fields": {"name": "Can delete core settings", "content_type": 7, "codename": "delete_coresettings"}}, {"model": "auth.permission", "pk": 28, "fields": {"name": "Can view core settings", "content_type": 7, "codename": "view_coresettings"}}, {"model": "auth.permission", "pk": 29, "fields": {"name": "Can add telegram settings", "content_type": 8, "codename": "add_telegramsettings"}}, {"model": "auth.permission", "pk": 30, "fields": {"name": "Can change telegram settings", "content_type": 8, "codename": "change_telegramsettings"}}, {"model": "auth.permission", "pk": 31, "fields": {"name": "Can delete telegram settings", "content_type": 8, "codename": "delete_telegramsettings"}}, {"model": "auth.permission", "pk": 32, "fields": {"name": "Can view telegram settings", "content_type": 8, "codename": "view_telegramsettings"}}, {"model": "auth.permission", "pk": 33, "fields": {"name": "Can add linked user to space", "content_type": 9, "codename": "add_linkedusertospace"}}, {"model": "auth.permission", "pk": 34, "fields": {"name": "Can change linked user to space", "content_type": 9, "codename": "change_linkedusertospace"}}, {"model": "auth.permission", "pk": 35, "fields": {"name": "Can delete linked user to space", "content_type": 9, "codename": "delete_linkedusertospace"}}, {"model": "auth.permission", "pk": 36, "fields": {"name": "Can view linked user to space", "content_type": 9, "codename": "view_linkedusertospace"}}, {"model": "auth.permission", "pk": 37, "fields": {"name": "Can add space", "content_type": 10, "codename": "add_space"}}, {"model": "auth.permission", "pk": 38, "fields": {"name": "Can change space", "content_type": 10, "codename": "change_space"}}, {"model": "auth.permission", "pk": 39, "fields": {"name": "Can delete space", "content_type": 10, "codename": "delete_space"}}, {"model": "auth.permission", "pk": 40, "fields": {"name": "Can view space", "content_type": 10, "codename": "view_space"}}, {"model": "auth.permission", "pk": 41, "fields": {"name": "Can add свод", "content_type": 11, "codename": "add_summary"}}, {"model": "auth.permission", "pk": 42, "fields": {"name": "Can change свод", "content_type": 11, "codename": "change_summary"}}, {"model": "auth.permission", "pk": 43, "fields": {"name": "Can delete свод", "content_type": 11, "codename": "delete_summary"}}, {"model": "auth.permission", "pk": 44, "fields": {"name": "Can view свод", "content_type": 11, "codename": "view_summary"}}, {"model": "auth.permission", "pk": 45, "fields": {"name": "Can add транзакция", "content_type": 12, "codename": "add_transaction"}}, {"model": "auth.permission", "pk": 46, "fields": {"name": "Can change транзакция", "content_type": 12, "codename": "change_transaction"}}, {"model": "auth.permission", "pk": 47, "fields": {"name": "Can delete транзакция", "content_type": 12, "codename": "delete_transaction"}}, {"model": "auth.permission", "pk": 48, "fields": {"name": "Can view транзакция", "content_type": 12, "codename": "view_transaction"}}, {"model": "contenttypes.contenttype", "pk": 1, "fields": {"app_label": "admin", "model": "logentry"}}, {"model": "contenttypes.contenttype", "pk": 2, "fields": {"app_label": "auth", "model": "permission"}}, {"model": "contenttypes.contenttype", "pk": 3, "fields": {"app_label": "auth", "model": "group"}}, {"model": "contenttypes.contenttype", "pk": 4, "fields": {"app_label": "contenttypes", "model": "contenttype"}}, {"model": "contenttypes.contenttype", "pk": 5, "fields": {"app_label": "sessions", "model": "session"}}, {"model": "contenttypes.contenttype", "pk": 6, "fields": {"app_label": "users", "model": "user"}}, {"model": "contenttypes.contenttype", "pk": 7, "fields": {"app_label": "users", "model": "coresettings"}}, {"model": "contenttypes.contenttype", "pk": 8, "fields": {"app_label": "users", "model": "telegramsettings"}}, {"model": "contenttypes.contenttype", "pk": 9, "fields": {"app_label": "transactions", "model": "linkedusertospace"}}, {"model": "contenttypes.contenttype", "pk": 10, "fields": {"app_label": "transactions", "model": "space"}}, {"model": "contenttypes.contenttype", "pk": 11, "fields": {"app_label": "transactions", "model": "summary"}}, {"model": "contenttypes.contenttype", "pk": 12, "fields": {"app_label": "transactions", "model": "transaction"}}, {"model": "sessions.session", "pk": "a7s394elvw7tdekc1zxk7xanxk29pwrg", "fields": {"session_data": ".eJxVjDsOwjAQBe_iGlmJIbsxJT1niPZj4wCypTipEHcHSymgnZn3XmaibU3TVsMyzWrOxpnDL2OSR8hN6J3yrVgpeV1mti2xu632WjQ8L3v7d5CoprYmOBF6BQcgMPRIIXTMrlP1KIguHgFBv2wkHKMIMwuDR42MfujN-wP6ZTjW:1tLLDE:KPPMHS8KLCyGEO0bR2Oeot8VVyFRvq6AiP8ITZ3bomA", "expire_date": "2024-12-25T11:49:04.314Z"}}, {"model": "users.user", "pk": 2, "fields": {"password": "pbkdf2_sha256$870000$nKbq1jrDD26Op5ahr71Y2p$EMfCnCtU/fpsq4JNSlI7gqxqcIIV/vnrgSWdgK71row=", "last_login": "2024-12-11T11:49:04.312Z", "is_superuser": true, "username": "denis", "first_name": "", "last_name": "", "email": "", "is_staff": true, "is_active": true, "date_joined": "2024-12-11T11:48:40.748Z", "groups": [], "user_permissions": []}}, {"model": "users.user", "pk": 3, "fields": {"password": "", "last_login": null, "is_superuser": false, "username": "admin", "first_name": "", "last_name": "", "email": "", "is_staff": false, "is_active": true, "date_joined": "2024-12-11T11:50:54.612Z", "groups": [], "user_permissions": []}}, {"model": "users.user", "pk": 4, "fields": {"password": "", "last_login": null, "is_superuser": false, "username": "sergey", "first_name": "", "last_name": "", "email": "", "is_staff": false, "is_active": true, "date_joined": "2024-12-11T11:50:54.618Z", "groups": [], "user_permissions": []}}, {"model": "users.user", "pk": 5, "fields": {"password": "", "last_login": null, "is_superuser": false, "username": "danil", "first_name": "", "last_name": "", "email": "", "is_staff": false, "is_active": true, "date_joined": "2024-12-11T11:51:05.908Z", "groups": [], "user_permissions": []}}, {"model": "users.user", "pk": 6, "fields": {"password": "", "last_login": null, "is_superuser": false, "username": "egor", "first_name": "", "last_name": "", "email": "", "is_staff": false, "is_active": true, "date_joined": "2024-12-11T11:51:12.793Z", "groups": [], "user_permissions": []}}, {"model": "users.user", "pk": 7, "fields": {"password": "", "last_login": null, "is_superuser": false, "username": "david", "first_name": "", "last_name": "", "email": "", "is_staff": false, "is_active": true, "date_joined": "2024-12-11T11:51:18.073Z", "groups": [], "user_permissions": []}}, {"model": "users.user", "pk": 8, "fields": {"password": "", "last_login": null, "is_superuser": false, "username": "oleg", "first_name": "", "last_name": "", "email": "", "is_staff": false, "is_active": true, "date_joined": "2024-12-11T11:51:32.078Z", "groups": [], "user_permissions": []}}, {"model": "users.user", "pk": 9, "fields": {"password": "pbkdf2_sha256$870000$AukqQlfb6C8iVnM6EYADZp$5f6OKpbIXBteae0C1Y7K3qu0vnlcsUKadf5k9HtspRU=", "last_login": null, "is_superuser": false, "username": "max", "first_name": "", "last_name": "", "email": "", "is_staff": false, "is_active": true, "date_joined": "2024-12-11T11:52:03.609Z", "groups": [], "user_permissions": []}}, {"model": "users.user", "pk": 10, "fields": {"password": "pbkdf2_sha256$870000$uYgtvPWRF2GZJhRCbhOdvA$KP72MvrVkB7Ii+3fX66NwGFj9hh+TBp0k6EqJ2HCRRo=", "last_login": null, "is_superuser": false, "username": "anton", "first_name": "", "last_name": "", "email": "", "is_staff": false, "is_active": true, "date_joined": "2024-12-11T11:52:17.948Z", "groups": [], "user_permissions": []}}, {"model": "users.user", "pk": 11, "fields": {"password": "pbkdf2_sha256$870000$cJjutUrfeXSML4KWhKUTH6$dqb3CCC81/juWKMc5N8qVWC0OXK+sNZgfQJeSQzSQ7Y=", "last_login": null, "is_superuser": false, "username": "maria", "first_name": "", "last_name": "", "email": "", "is_staff": false, "is_active": true, "date_joined": "2024-12-11T11:52:28.675Z", "groups": [], "user_permissions": []}}, {"model": "users.user", "pk": 12, "fields": {"password": "pbkdf2_sha256$870000$rg9JR1JHMh6rWjXgRKg2CN$UOk46JI4l63RHablhimm712h2sT/EPuZt1QQ4ZZb1k8=", "last_login": null, "is_superuser": false, "username": "valentina", "first_name": "", "last_name": "", "email": "", "is_staff": false, "is_active": true, "date_joined": "2024-12-11T11:52:39.992Z", "groups": [], "user_permissions": []}}, {"model": "users.coresettings", "pk": 1, "fields": {"user": 4, "current_space": 1, "current_month": 12, "current_year": 2024}}, {"model": "users.coresettings", "pk": 2, "fields": {"user": 5, "current_space": 2, "current_month": 12, "current_year": 2024}}, {"model": "users.coresettings", "pk": 3, "fields": {"user": 6, "current_space": 3, "current_month": 12, "current_year": 2024}}, {"model": "users.coresettings", "pk": 4, "fields": {"user": 7, "current_space": 4, "current_month": 12, "current_year": 2024}}, {"model": "users.coresettings", "pk": 5, "fields": {"user": 8, "current_space": 5, "current_month": 12, "current_year": 2024}}, {"model": "users.coresettings", "pk": 6, "fields": {"user": 9, "current_space": 6, "current_month": 12, "current_year": 2024}}, {"model": "users.coresettings", "pk": 7, "fields": {"user": 10, "current_space": 7, "current_month": 12, "current_year": 2024}}, {"model": "users.coresettings", "pk": 8, "fields": {"user": 11, "current_space": 8, "current_month": 12, "current_year": 2024}}, {"model": "users.coresettings", "pk": 9, "fields": {"user": 12, "current_space": 9, "current_month": 12, "current_year": 2024}}, {"model": "users.telegramsettings", "pk": 2, "fields": {"user": 4, "id_telegram": 123451212, "telegram_only": true, "joint_chat": null}}, {"model": "users.telegramsettings", "pk": 3, "fields": {"user": 5, "id_telegram": 12345121, "telegram_only": true, "joint_chat": null}}, {"model": "users.telegramsettings", "pk": 4, "fields": {"user": 6, "id_telegram": 1234512, "telegram_only": true, "joint_chat": null}}, {"model": "users.telegramsettings", "pk": 5, "fields": {"user": 7, "id_telegram": 123451, "telegram_only": true, "joint_chat": null}}, {"model": "users.telegramsettings", "pk": 6, "fields": {"user": 8, "id_telegram": 12345, "telegram_only": true, "joint_chat": null}}, {"model": "users.telegramsettings", "pk": 7, "fields": {"user": 9, "id_telegram": null, "telegram_only": false, "joint_chat": null}}, {"model": "users.telegramsettings", "pk": 8, "fields": {"user": 10, "id_telegram": null, "telegram_only": false, "joint_chat": null}}, {"model": "users.telegramsettings", "pk": 9, "fields": {"user": 11, "id_telegram": null, "telegram_only": false, "joint_chat": null}}, {"model": "users.telegramsettings", "pk": 10, "fields": {"user": 12, "id_telegram": null, "telegram_only": false, "joint_chat": null}}, {"model": "transactions.space", "pk": 1, "fields": {"created_at": "2024-12-11T11:50:54.620Z", "updated_at": "2024-12-11T11:50:54.620Z", "user": 4, "name": "sergey"}}, {"model": "transactions.space", "pk": 2, "fields": {"created_at": "2024-12-11T11:51:05.910Z", "updated_at": "2024-12-11T11:51:05.910Z", "user": 5, "name": "danil"}}, {"model": "transactions.space", "pk": 3, "fields": {"created_at": "2024-12-11T11:51:12.795Z", "updated_at": "2024-12-11T11:51:12.795Z", "user": 6, "name": "egor"}}, {"model": "transactions.space", "pk": 4, "fields": {"created_at": "2024-12-11T11:51:18.075Z", "updated_at": "2024-12-11T11:51:18.075Z", "user": 7, "name": "david"}}, {"model": "transactions.space", "pk": 5, "fields": {"created_at": "2024-12-11T11:51:32.079Z", "updated_at": "2024-12-11T11:51:32.079Z", "user": 8, "name": "oleg"}}, {"model": "transactions.space", "pk": 6, "fields": {"created_at": "2024-12-11T11:52:04.076Z", "updated_at": "2024-12-11T11:52:04.076Z", "user": 9, "name": "max"}}, {"model": "transactions.space", "pk": 7, "fields": {"created_at": "2024-12-11T11:52:18.501Z", "updated_at": "2024-12-11T11:52:18.501Z", "user": 10, "name": "anton"}}, {"model": "transactions.space", "pk": 8, "fields": {"created_at": "2024-12-11T11:52:29.135Z", "updated_at": "2024-12-11T11:52:29.135Z", "user": 11, "name": "maria"}}, {"model": "transactions.space", "pk": 9, "fields": {"created_at": "2024-12-11T11:52:40.448Z", "updated_at": "2024-12-11T11:52:40.448Z", "user": 12, "name": "valentina"}}, {"model": "transactions.transaction", "pk": 1, "fields": {"created_at": "2024-12-11T11:56:03.510Z", "updated_at": "2024-12-11T11:56:03.510Z", "space": 1, "author": 4, "period_month": 12, "period_year": 2024, "group_name": "Бензин", "description": "Заправка", "type_transaction": "expense", "value_transaction": "1.32"}}, {"model": "transactions.transaction", "pk": 2, "fields": {"created_at": "2024-12-11T11:56:09.300Z", "updated_at": "2024-12-11T11:56:09.300Z", "space": 1, "author": 4, "period_month": 12, "period_year": 2024, "group_name": "Бензин", "description": "Заправка", "type_transaction": "expense", "value_transaction": "2.50"}}, {"model": "transactions.transaction", "pk": 3, "fields": {"created_at": "2024-12-11T11:56:33.968Z", "updated_at": "2024-12-11T11:56:33.968Z", "space": 1, "author": 4, "period_month": 12, "period_year": 2024, "group_name": "Кварплата", "description": "Капремонт", "type_transaction": "expense", "value_transaction": "2.15"}}, {"model": "transactions.transaction", "pk": 4, "fields": {"created_at": "2024-12-11T11:57:33.691Z", "updated_at": "2024-12-11T11:57:33.691Z", "space": 1, "author": 4, "period_month": 12, "period_year": 2024, "group_name": "Зарплата", "description": "Аванс 15го", "type_transaction": "income", "value_transaction": "30.00"}}, {"model": "transactions.transaction", "pk": 5, "fields": {"created_at": "2024-12-11T11:58:03.398Z", "updated_at": "2024-12-11T11:58:03.398Z", "space": 1, "author": 4, "period_month": 12, "period_year": 2024, "group_name": "Премия", "description": "", "type_transaction": "income", "value_transaction": "50.00"}}, {"model": "transactions.summary", "pk": 1, "fields": {"created_at": "2024-12-11T11:54:11.785Z", "updated_at": "2024-12-11T11:54:11.785Z", "space": 1, "period_month": 12, "period_year": 2024, "type_transaction": "expense", "group_name": "Прочее", "plan_value": "5.00", "fact_value": "0.00"}}, {"model": "transactions.summary", "pk": 2, "fields": {"created_at": "2024-12-11T11:54:21.619Z", "updated_at": "2024-12-11T11:56:09.302Z", "space": 1, "period_month": 12, "period_year": 2024, "type_transaction": "expense", "group_name": "Бензин", "plan_value": "10.00", "fact_value": "3.82"}}, {"model": "transactions.summary", "pk": 3, "fields": {"created_at": "2024-12-11T11:54:31.059Z", "updated_at": "2024-12-11T11:56:33.970Z", "space": 1, "period_month": 12, "period_year": 2024, "type_transaction": "expense", "group_name": "Кварплата", "plan_value": "20.00", "fact_value": "2.15"}}, {"model": "transactions.summary", "pk": 4, "fields": {"created_at": "2024-12-11T11:54:45.690Z", "updated_at": "2024-12-11T11:57:33.694Z", "space": 1, "period_month": 12, "period_year": 2024, "type_transaction": "income", "group_name": "Зарплата", "plan_value": "70.00", "fact_value": "30.00"}}, {"model": "transactions.summary", "pk": 5, "fields": {"created_at": "2024-12-11T11:54:55.454Z", "updated_at": "2024-12-11T11:58:03.400Z", "space": 1, "period_month": 12, "period_year": 2024, "type_transaction": "income", "group_name": "Премия", "plan_value": "100.00", "fact_value": "50.00"}}, {"model": "transactions.summary", "pk": 6, "fields": {"created_at": "2024-12-11T11:55:02.400Z", "updated_at": "2024-12-11T11:55:02.400Z", "space": 1, "period_month": 12, "period_year": 2024, "type_transaction": "income", "group_name": "Проценты", "plan_value": "10.00", "fact_value": "0.00"}}]